Ward,Searches,Searches which got estimate,Searches for Quotes,Searches which got Quotes,Bookings,Completed Trips,Search-to-estimate Rate,Estimate-to-search for quotes Rate,Quote Acceptance Rate,Quote-to-booking Rate,Cancelled Bookings,Booking Cancellation Rate,Conversion Rate,Drivers' Earnings,Average Distance per Trip (km),Average Fare per Trip,Distance Travelled (km),Cancellation Impact
Other Wards,"30,71,626","27,12,391","18,90,877","9,75,708",954414.0,"5,89,585",88.3%,69.7%,51.6%,97.8%,364609.0,38.2%,19.2%,"₹12,00,07,713",10.37,₹175.04,"71,90,364",38.202394348783656
Shantala Nagar,"24,01,161","23,84,599","20,67,653","8,56,568",841607.0,"4,74,271",99.3%,86.7%,41.4%,98.3%,367010.0,43.6%,19.8%,"₹7,11,77,412",7.48,₹138.74,"38,63,534",43.6082399504757
Doddakanahalli,"17,27,250","17,11,471","14,56,511","5,96,480",587089.0,"3,50,792",99.1%,85.1%,40.9%,98.4%,236139.0,40.2%,20.3%,"₹5,92,11,778",9.02,₹159.54,"33,54,728",40.22201063211881
Agara,"12,26,026","12,14,797","10,43,176","5,20,539",508562.0,"3,36,728",99.1%,85.9%,49.9%,97.7%,171714.0,33.8%,27.5%,"₹4,75,68,017",7.63,₹137.67,"26,33,026",33.76461473723951
Koramangala,"11,69,452","11,58,300","9,94,218","5,28,008",515062.0,"3,34,904",99.1%,85.8%,53.1%,97.5%,180001.0,34.9%,28.6%,"₹4,45,96,808",6.97,₹128.74,"24,37,405",34.94744322042783
Adugodi,"11,91,234","11,82,173","10,05,962","5,36,543",522711.0,"3,13,312",99.2%,85.1%,53.3%,97.4%,209053.0,40.0%,26.3%,"₹4,38,90,701",7.02,₹131.45,"23,38,615",39.99399285647327
Suddagunte Palya,"13,20,628","13,08,932","11,26,624","5,42,706",530825.0,"2,96,399",99.1%,86.1%,48.2%,97.8%,234284.0,44.1%,22.4%,"₹3,94,11,590",7.11,₹129.98,"21,74,999",44.13582630810531
Vasanth Nagar,"9,62,005","9,55,421","7,95,373","4,23,856",416058.0,"2,62,534",99.3%,83.2%,53.3%,98.2%,153393.0,36.9%,27.3%,"₹3,59,20,222",7.4,₹132.98,"20,32,705",36.86817703300982
Bellanduru,"13,65,703","13,54,563","11,76,030","4,47,575",440185.0,"2,57,849",99.2%,86.8%,38.1%,98.3%,182240.0,41.4%,18.9%,"₹4,46,94,374",9.17,₹160.63,"25,50,817",41.400774674284676
Hoysala Nagar,"7,03,222","6,98,197","5,86,782","3,31,654",326166.0,"2,17,110",99.3%,84.0%,56.5%,98.3%,108961.0,33.4%,30.9%,"₹2,78,98,914",6.37,₹119.80,"15,04,039",33.406608904668175
Byrasandra,"6,24,214","6,18,914","5,00,722","3,14,383",308615.0,"2,08,058",99.2%,80.9%,62.8%,98.2%,100479.0,32.6%,33.3%,"₹2,47,00,142",6.28,₹113.20,"13,72,034",32.55804157283347
Old Thippasandra,"6,33,865","6,28,921","5,41,589","3,15,579",310219.0,"2,03,512",99.2%,86.1%,58.3%,98.3%,106602.0,34.4%,32.1%,"₹2,77,16,600",7.01,₹129.86,"14,93,473",34.3634658096377
Marathahalli,"11,29,332","11,20,935","9,42,426","3,75,796",369706.0,"2,02,837",99.3%,84.1%,39.9%,98.4%,166767.0,45.1%,18.0%,"₹3,57,48,713",9.01,₹160.03,"20,11,710",45.10800473890064
Domlur,"7,03,108","6,98,041","6,02,252","3,13,868",308639.0,"2,01,305",99.3%,86.3%,52.1%,98.3%,107215.0,34.7%,28.6%,"₹2,80,37,082",7.06,₹130.78,"15,07,904",34.73799487427059
HRBR Layout,"4,95,908","4,93,395","3,99,052","2,84,677",280474.0,"1,94,414",99.5%,80.9%,71.3%,98.5%,85982.0,30.7%,39.2%,"₹2,46,94,375",6.66,₹120.75,"13,65,275",30.655960980340424
Sampangiram Nagar,"9,18,287","9,11,485","7,63,612","3,61,001",355542.0,"1,88,850",99.3%,83.8%,47.3%,98.5%,166584.0,46.9%,20.6%,"₹2,80,29,607",7.69,₹137.83,"15,92,800",46.853536291071094
Madivala,"7,51,268","7,42,961","6,21,190","3,22,177",315216.0,"1,87,691",98.9%,83.6%,51.9%,97.8%,127466.0,40.4%,25.0%,"₹2,34,98,153",6.69,₹123.51,"12,83,390",40.43766813867317
Gandhinagar,"5,83,453","5,77,642","4,09,590","2,98,294",292759.0,"1,83,335",99.0%,70.9%,72.8%,98.1%,109334.0,37.4%,31.4%,"₹2,78,00,422",8.46,₹153.09,"15,74,607",37.34607646562531
Aramane Nagara,"5,46,489","5,42,221","4,16,957","2,85,980",279386.0,"1,80,884",99.2%,76.9%,68.6%,97.7%,98438.0,35.2%,33.1%,"₹2,49,79,189",7.22,₹128.38,"14,25,382",35.233691022456384
Jakkuru,"6,29,076","6,24,824","4,85,812","2,97,748",291553.0,"1,79,670",99.3%,77.8%,61.3%,97.9%,111831.0,38.4%,28.6%,"₹2,99,13,410",8.89,₹154.35,"17,43,306",38.35700541582491
Vinayakanagar,"5,64,655","5,59,717","4,61,557","2,80,715",275406.0,"1,73,474",99.1%,82.5%,60.8%,98.1%,101845.0,37.0%,30.7%,"₹2,32,02,000",7.48,₹133.85,"12,92,724",36.979949601678975
J P Nagar,"5,26,581","5,22,247","4,23,506","2,72,513",266903.0,"1,72,802",99.2%,81.1%,64.3%,97.9%,93999.0,35.2%,32.8%,"₹2,14,53,148",6.45,₹116.66,"11,86,151",35.21841268176079
Whitefield,"8,38,663","8,31,606","6,84,364","2,86,103",281317.0,"1,70,977",99.2%,82.3%,41.8%,98.3%,110293.0,39.2%,20.4%,"₹2,92,80,129",8.52,₹151.14,"16,79,399",39.205949160555534
Munnekollala,"9,93,367","9,83,688","8,31,207","3,02,856",297146.0,"1,66,505",99.0%,84.5%,36.4%,98.1%,130590.0,44.0%,16.8%,"₹2,95,76,393",9.04,₹159.13,"16,87,327",43.94809285671017
Ejipura,"5,95,161","5,89,132","4,96,076","2,73,619",268768.0,"1,63,779",99.0%,84.2%,55.2%,98.2%,104902.0,39.0%,27.5%,"₹2,10,92,572",6.47,₹122.29,"11,48,191",39.030688177163945
Jeevanbhima Nagar,"6,58,033","6,52,625","5,63,304","2,69,919",264220.0,"1,60,433",99.2%,86.3%,47.9%,97.9%,103743.0,39.3%,24.4%,"₹2,43,69,066",8.39,₹149.77,"13,67,391",39.2638710165771
Kempapura,"4,67,690","4,64,839","3,60,926","2,40,038",235067.0,"1,50,852",99.4%,77.6%,66.5%,97.9%,84173.0,35.8%,32.3%,"₹2,28,86,452",8.28,₹145.63,"13,22,285",35.808088757673346
HSR - Singasandra,"6,33,334","6,27,352","5,20,343","2,55,679",250108.0,"1,45,339",99.1%,82.9%,49.1%,97.8%,104704.0,41.9%,22.9%,"₹2,14,87,915",7.91,₹141.29,"12,09,859",41.863514961536616
Shakambari Nagar,"4,04,779","4,01,530","3,10,798","2,15,522",211098.0,"1,43,850",99.2%,77.4%,69.3%,97.9%,67203.0,31.8%,35.5%,"₹1,68,47,054",6.29,₹114.15,"9,35,402",31.834977119631642
New Thippasandra,"5,14,162","5,09,398","4,30,195","2,16,416",212511.0,"1,41,334",99.1%,84.5%,50.3%,98.2%,71126.0,33.5%,27.5%,"₹2,03,34,402",7.57,₹135.66,"11,38,133",33.46932629369774
Hudi,"6,24,101","6,19,409","5,05,072","2,41,433",237996.0,"1,39,066",99.3%,81.5%,47.8%,98.6%,98878.0,41.5%,22.3%,"₹2,40,67,402",8.59,₹152.37,"13,76,861",41.546076404645454
Ulsoor,"5,91,305","5,86,928","5,09,987","2,34,286",231034.0,"1,37,688",99.3%,86.9%,45.9%,98.6%,93291.0,40.4%,23.3%,"₹1,94,96,628",7.28,₹132.34,"10,87,433",40.37977094280495
Horamavu,"4,74,215","4,71,298","3,73,096","2,17,363",213193.0,"1,34,402",99.4%,79.2%,58.3%,98.1%,78766.0,37.0%,28.3%,"₹2,14,19,228",8.54,₹149.94,"12,43,702",36.945865952446844
C V Raman Nagar,"5,53,745","5,49,626","4,43,121","2,23,614",220398.0,"1,33,108",99.3%,80.6%,50.5%,98.6%,87237.0,39.6%,24.0%,"₹1,89,27,535",7.35,₹132.29,"10,61,714",39.58157515040971
BTM Layout,"5,92,216","5,86,375","4,86,876","2,31,084",225865.0,"1,31,673",99.0%,83.0%,47.5%,97.7%,94148.0,41.7%,22.2%,"₹1,71,59,245",6.85,₹126.39,"9,44,612",41.68330639984062
AECS Layout,"6,76,398","6,71,200","5,54,146","2,25,651",222152.0,"1,31,372",99.2%,82.6%,40.7%,98.4%,90735.0,40.8%,19.4%,"₹2,16,64,546",7.79,₹141.87,"12,21,715",40.84365659548418
Banasavadi,"3,99,496","3,96,889","3,20,276","1,96,872",193129.0,"1,29,571",99.4%,80.7%,61.5%,98.1%,63520.0,32.9%,32.4%,"₹1,81,19,313",7.33,₹131.58,"10,27,738",32.88993367127671
Hennur,"4,15,505","4,12,861","3,18,728","2,06,331",202957.0,"1,29,335",99.4%,77.2%,64.7%,98.4%,73580.0,36.3%,31.1%,"₹1,80,50,307",7.26,₹130.63,"10,26,125",36.25398483422597
N S Palya,"4,67,723","4,62,917","3,82,404","2,02,109",197602.0,"1,28,229",99.0%,82.6%,52.8%,97.8%,69328.0,35.1%,27.4%,"₹1,68,04,588",7.29,₹131.77,"9,32,215",35.08466513496827
Dodda Nekkundi,"6,07,388","6,02,318","4,96,200","2,14,444",210757.0,"1,27,586",99.2%,82.4%,43.2%,98.3%,83119.0,39.4%,21.0%,"₹2,15,82,457",8.44,₹148.42,"12,35,186",39.43831047130107
Jnana Bharathi,"3,19,314","3,16,723","2,27,074","1,86,083",182666.0,"1,25,721",99.2%,71.7%,82.0%,98.2%,56904.0,31.1%,39.4%,"₹1,63,82,506",7.13,₹124.87,"9,47,899",31.15193851072449
Sarakki,"3,40,594","3,37,939","2,69,400","1,93,160",188967.0,"1,25,071",99.2%,79.7%,71.7%,97.8%,63821.0,33.8%,36.7%,"₹1,49,15,086",6.07,₹111.14,"8,13,727",33.77362184931761
Subramanyapura,"3,55,850","3,52,874","2,69,420","1,86,568",182249.0,"1,24,196",99.2%,76.4%,69.3%,97.7%,58020.0,31.8%,34.9%,"₹1,72,48,916",7.97,₹139.95,"9,98,378",31.835565627246236
Pulikeshinagar,"3,72,621","3,70,303","3,05,602","1,86,689",184193.0,"1,22,558",99.4%,82.5%,61.1%,98.7%,61553.0,33.4%,32.9%,"₹1,46,06,750",5.85,₹110.85,"7,95,966",33.41766516642869
Kalkere,"4,74,310","4,71,110","3,80,594","1,95,394",192404.0,"1,21,528",99.3%,80.8%,51.3%,98.5%,70832.0,36.8%,25.6%,"₹1,97,39,152",8.75,₹154.38,"11,34,101",36.81420344691379
Ibluru,"5,29,396","5,24,454","4,51,357","1,96,173",192428.0,"1,20,717",99.1%,86.1%,43.5%,98.1%,71676.0,37.3%,22.8%,"₹1,87,02,426",8.26,₹146.46,"10,52,691",37.24821751512254
Kalena Agrahara,"4,70,987","4,65,367","3,74,447","1,89,087",185254.0,"1,20,613",98.8%,80.5%,50.5%,98.0%,64607.0,34.9%,25.6%,"₹2,05,90,403",9.98,₹172.89,"11,98,826",34.874820516696
Vishveshwara Puram,"3,87,229","3,84,832","2,94,439","1,90,086",186643.0,"1,20,170",99.4%,76.5%,64.6%,98.2%,66426.0,35.6%,31.0%,"₹1,41,85,350",6.65,₹120.04,"7,95,860",35.58986942987414
Rajarajeshwari Nagar,"2,97,997","2,95,464","2,08,838","1,74,366",170354.0,"1,19,567",99.2%,70.7%,83.5%,97.7%,50761.0,29.8%,40.1%,"₹1,73,02,405",7.97,₹137.66,"10,13,757",29.797363137936294
Hulimavu,"3,99,563","3,95,970","3,17,072","1,86,245",182318.0,"1,19,094",99.1%,80.1%,58.7%,97.9%,63188.0,34.7%,29.8%,"₹1,72,54,752",7.91,₹141.18,"9,79,150",34.658124814883884
Mahadevapura,"5,19,993","5,16,186","4,22,924","1,97,874",195067.0,"1,16,959",99.3%,81.9%,46.8%,98.6%,78061.0,40.0%,22.5%,"₹1,80,52,185",7.57,₹137.16,"10,18,123",40.01753243757273
Belathur,"4,73,171","4,68,835","3,59,181","1,89,652",186679.0,"1,15,788",99.1%,76.6%,52.8%,98.4%,70818.0,37.9%,24.5%,"₹1,97,51,448",8.71,₹153.60,"11,38,460",37.935707819304795
Rupenaagrahara,"4,68,424","4,64,133","3,86,058","1,95,007",190728.0,"1,11,611",99.1%,83.2%,50.5%,97.8%,79081.0,41.5%,23.8%,"₹1,67,17,199",7.96,₹142.96,"9,48,513",41.46271129566713
Byatarayanapura,"3,26,788","3,24,286","2,47,453","1,72,205",168796.0,"1,10,246",99.2%,76.3%,69.6%,98.0%,58518.0,34.7%,33.7%,"₹1,73,87,578",8.48,₹148.43,"10,12,272",34.66788312519254
Jogupalya,"3,52,576","3,49,570","2,98,481","1,65,972",163111.0,"1,08,242",99.2%,85.4%,55.6%,98.3%,54840.0,33.6%,30.7%,"₹1,38,70,184",6.39,₹118.33,"7,64,262",33.62127630877133
Hemmigepura,"3,24,225","3,18,922","2,24,149","1,61,678",158827.0,"1,06,777",98.4%,70.3%,72.1%,98.2%,52002.0,32.7%,32.9%,"₹1,57,55,609",8.48,₹146.23,"9,24,865",32.74128454230074
Babusab Palya,"3,87,542","3,84,927","3,15,006","1,71,652",168721.0,"1,05,895",99.3%,81.8%,54.5%,98.3%,62790.0,37.2%,27.3%,"₹1,51,17,374",7.23,₹131.09,"8,54,485",37.21528440443098
Kogilu,"3,23,620","3,20,789","2,21,308","1,64,071",159915.0,"1,04,384",99.1%,69.0%,74.1%,97.5%,55521.0,34.7%,32.3%,"₹2,05,01,848",11.34,₹190.25,"12,29,470",34.71906950567489
Konena Agrahara,"3,98,931","3,95,259","3,35,826","1,62,443",159894.0,"1,02,850",99.1%,85.0%,48.4%,98.4%,57016.0,35.7%,25.8%,"₹1,52,86,571",8.17,₹146.20,"8,59,142",35.65862383829287
Konanakunte,"2,88,519","2,86,472","2,17,972","1,58,009",154765.0,"1,01,021",99.3%,76.1%,72.5%,97.9%,53684.0,34.7%,35.0%,"₹1,28,39,437",6.87,₹122.45,"7,20,459",34.68742932833651
Sunkenahalli,"2,66,613","2,64,632","2,07,272","1,51,687",148854.0,"1,00,920",99.3%,78.3%,73.2%,98.1%,47886.0,32.2%,37.9%,"₹1,21,27,955",6.41,₹114.38,"6,86,467",32.16977709702124
Kadu Malleshwara,"2,34,374","2,32,026","1,77,602","1,42,192",139524.0,"1,00,728",99.0%,76.5%,80.1%,98.1%,38757.0,27.8%,43.0%,"₹1,29,11,553",7.26,₹127.05,"7,43,775",27.778016685301456
Subhash Nagar,"3,12,008","3,08,910","2,15,494","1,63,133",160185.0,"96,108",99.0%,69.8%,75.7%,98.2%,64030.0,40.0%,30.8%,"₹1,52,44,495",8.63,₹153.30,"8,65,902",39.97253176015232
Radhakrishna Temple Ward,"2,35,760","2,34,113","1,81,242","1,42,398",138698.0,"94,980",99.3%,77.4%,78.6%,97.4%,43684.0,31.5%,40.3%,"₹1,30,95,032",7.4,₹130.61,"7,49,821",31.495767783241284
Amrutahalli,"2,90,243","2,88,253","2,21,378","1,44,297",141512.0,"90,988",99.3%,76.8%,65.2%,98.1%,50503.0,35.7%,31.4%,"₹1,44,84,899",8.49,₹149.11,"8,40,939",35.68813952173667
Nagapura,"2,24,785","2,22,670","1,57,606","1,34,768",132094.0,"90,419",99.1%,70.8%,85.5%,98.0%,41635.0,31.5%,40.2%,"₹1,13,69,271",6.8,₹120.42,"6,47,417",31.5192211606886
Lingarajapura,"2,47,617","2,46,121","2,06,967","1,34,855",133228.0,"89,020",99.4%,84.1%,65.2%,98.8%,44176.0,33.2%,35.9%,"₹1,10,30,167",6.22,₹115.48,"6,11,475",33.158194974029485
Devasandra,"3,28,961","3,26,957","2,69,416","1,53,505",151453.0,"88,876",99.4%,82.4%,57.0%,98.7%,62507.0,41.3%,27.0%,"₹1,44,25,616",7.7,₹139.96,"7,93,244",41.27154958964167
Arakere,"2,97,635","2,95,178","2,36,337","1,34,482",131785.0,"88,063",99.2%,80.1%,56.9%,98.0%,43700.0,33.2%,29.6%,"₹1,27,50,606",7.82,₹139.77,"7,26,830",33.160071328299885
Bilekhalli,"3,41,292","3,37,884","2,79,585","1,38,524",135758.0,"86,611",99.0%,82.7%,49.5%,98.0%,49113.0,36.2%,25.4%,"₹1,23,55,272",8.19,₹144.87,"6,96,746",36.176873554413
Lal Bahadur Nagar,"2,98,439","2,96,273","2,33,434","1,30,990",128841.0,"85,453",99.3%,78.8%,56.1%,98.4%,43354.0,33.7%,28.6%,"₹1,17,87,280",7.19,₹129.90,"6,63,330",33.649226566077566
Hombegowda Nagara,"2,97,006","2,95,059","2,42,405","1,34,879",132613.0,"84,882",99.3%,82.2%,55.6%,98.3%,47700.0,36.0%,28.6%,"₹1,02,91,927",6.4,₹119.14,"5,72,545",35.969324274392406
Sanjaya Nagar,"2,32,325","2,30,554","1,73,003","1,26,576",123907.0,"84,364",99.2%,75.0%,73.2%,97.9%,39515.0,31.9%,36.3%,"₹1,19,50,621",7.31,₹130.66,"6,90,457",31.890853624089033
Jalakanteshwara Nagara,"3,41,355","3,38,254","2,85,154","1,27,964",126460.0,"84,108",99.1%,84.3%,44.9%,98.8%,42323.0,33.5%,24.6%,"₹1,23,21,916",8.16,₹146.14,"6,90,292",33.46749960461806
Subramanya Nagar,"2,27,183","2,24,956","1,67,526","1,34,840",132053.0,"84,018",99.0%,74.5%,80.5%,97.9%,47975.0,36.3%,37.0%,"₹1,16,20,465",7.33,₹130.39,"6,58,156",36.33010988012389
A Narayanapura,"3,80,520","3,78,236","2,97,503","1,50,915",148604.0,"83,641",99.4%,78.7%,50.7%,98.5%,64929.0,43.7%,22.0%,"₹1,29,60,687",7.84,₹144.20,"7,24,832",43.69263276896988
Dharmaraya Swamy Temple Ward,"3,66,440","3,64,066","2,97,903","1,56,645",154173.0,"81,338",99.4%,81.8%,52.6%,98.4%,72800.0,47.2%,22.2%,"₹1,17,91,632",8.25,₹144.28,"6,77,451",47.21968178604555
Ganesh Mandir ward,"1,94,825","1,93,315","1,48,871","1,17,351",115021.0,"81,053",99.2%,77.0%,78.8%,98.0%,33945.0,29.5%,41.6%,"₹92,25,801",6.34,₹114.06,"5,18,193",29.51200215612801
Maruthi Seva Nagar,"2,42,742","2,41,202","1,99,286","1,22,196",120619.0,"77,966",99.4%,82.6%,61.3%,98.7%,42616.0,35.3%,32.1%,"₹1,04,65,501",6.83,₹125.11,"5,88,080",35.33108382593124
Yediyur,"2,17,584","2,15,964","1,73,558","1,16,380",114022.0,"77,289",99.3%,80.4%,67.1%,98.0%,36701.0,32.2%,35.5%,"₹93,36,611",6.16,₹111.86,"5,24,159",32.18764799775482
RBI layout,"2,38,409","2,36,384","1,91,958","1,14,847",112912.0,"75,034",99.2%,81.2%,59.8%,98.3%,37859.0,33.5%,31.5%,"₹1,03,08,499",7.74,₹138.01,"5,86,125",33.52965140994757
Basavanagudi,"1,86,676","1,85,269","1,41,789","1,07,661",105222.0,"74,855",99.3%,76.5%,75.9%,97.7%,30342.0,28.8%,40.1%,"₹87,39,365",5.93,₹106.91,"4,94,307",28.836174944403258
Ashoka Pillar,"2,40,165","2,38,394","1,93,374","1,16,459",114382.0,"74,768",99.3%,81.1%,60.2%,98.2%,39588.0,34.6%,31.1%,"₹88,92,465",6.24,₹113.58,"4,95,915",34.61034078788621
Shanthi Nagar,"2,95,377","2,93,117","2,50,398","1,19,619",117491.0,"74,214",99.2%,85.4%,47.8%,98.2%,43247.0,36.8%,25.1%,"₹88,32,651",6.12,₹113.80,"4,89,106",36.80877684248155
Hebbala,"2,10,018","2,08,859","1,60,264","1,13,237",111227.0,"74,191",99.5%,76.7%,70.7%,98.2%,37015.0,33.3%,35.3%,"₹1,04,51,800",7.18,₹128.16,"6,00,960",33.278790221798666
Jakkasandra,"2,93,539","2,90,421","2,34,646","1,22,559",120381.0,"71,542",98.9%,80.8%,52.2%,98.2%,48812.0,40.6%,24.4%,"₹1,00,09,357",7.65,₹137.15,"5,61,808",40.5479269984466
Vasanthpura,"1,97,481","1,95,766","1,46,501","1,06,645",104593.0,"71,270",99.1%,74.8%,72.8%,98.1%,33305.0,31.8%,36.1%,"₹91,66,566",7.22,₹127.94,"5,22,826",31.842475117837715
Chatrapati Shivaji,"2,46,998","2,45,430","1,68,460","1,23,534",121287.0,"70,969",99.4%,68.6%,73.3%,98.2%,50282.0,41.5%,28.7%,"₹1,18,52,321",10.02,₹176.51,"6,84,706",41.45703991359338
Ganga Nagar,"1,88,574","1,87,413","1,43,991","1,05,956",103887.0,"70,862",99.4%,76.8%,73.6%,98.0%,33000.0,31.8%,37.6%,"₹91,41,119",6.67,₹120.88,"5,17,686",31.76528343296081
Veeramadakari,"2,20,637","2,19,153","1,62,699","1,11,091",108624.0,"70,763",99.3%,74.2%,68.3%,97.8%,37831.0,34.8%,32.1%,"₹93,32,952",7.09,₹125.90,"5,37,835",34.82747827367801
Kodigehalli,"1,96,145","1,94,961","1,49,308","1,07,883",105725.0,"70,564",99.4%,76.6%,72.3%,98.0%,35140.0,33.2%,36.0%,"₹1,02,30,486",7.6,₹133.63,"5,93,640",33.23717190825254
Chunchaghatta,"2,17,645","2,15,880","1,68,160","1,02,629",100846.0,"69,785",99.2%,77.9%,61.0%,98.3%,31050.0,30.8%,32.1%,"₹98,09,361",8.04,₹142.83,"5,61,909",30.78952065525653
Girinagar,"1,51,298","1,50,124","1,09,429","94,526",92674.0,"68,559",99.2%,72.9%,86.4%,98.0%,24098.0,26.0%,45.3%,"₹81,20,554",6.16,₹110.86,"4,64,514",26.002978181582755
Vidyaranyapura,"1,62,334","1,61,161","1,15,878","94,688",92989.0,"68,434",99.3%,71.9%,81.7%,98.2%,24532.0,26.4%,42.2%,"₹1,02,60,458",8.23,₹142.87,"6,01,776",26.3816150297347
Puttenahalli - Sarakki Lake,"2,07,078","2,05,166","1,62,436","1,05,664",103627.0,"68,322",99.1%,79.2%,65.0%,98.1%,35287.0,34.1%,33.0%,"₹89,25,759",6.89,₹124.26,"5,02,544",34.05193627143505
Vijnana Nagar,"2,84,810","2,82,184","2,36,325","1,02,203",100939.0,"67,616",99.1%,83.7%,43.3%,98.8%,33306.0,33.0%,23.7%,"₹1,04,84,765",8.31,₹148.27,"5,91,561",32.99616600124828
Ramamurthy Nagara,"2,32,429","2,31,146","1,81,021","1,02,245",100972.0,"66,479",99.5%,78.3%,56.5%,98.8%,34467.0,34.1%,28.6%,"₹93,19,066",7.22,₹130.58,"5,26,973",34.13520579962762
Kacharkanahalli,"1,91,730","1,90,608","1,51,235","1,00,993",99607.0,"65,419",99.4%,79.3%,66.8%,98.6%,34157.0,34.3%,34.1%,"₹83,39,738",6.79,₹123.42,"4,68,312",34.29176664290662
New Bayappanahalli,"2,54,107","2,52,254","2,09,679","1,08,901",107300.0,"65,408",99.3%,83.1%,51.9%,98.5%,41874.0,39.0%,25.7%,"₹88,28,102",6.72,₹121.67,"4,95,902",39.025163094128615
Uttarahalli,"1,86,490","1,85,055","1,40,087","98,160",95735.0,"65,255",99.2%,75.7%,70.1%,97.5%,30463.0,31.8%,35.0%,"₹83,20,142",7.63,₹135.69,"4,73,598",31.820128479657388
Begur,"2,65,563","2,63,194","2,09,042","1,06,436",104409.0,"65,013",99.1%,79.4%,50.9%,98.1%,39383.0,37.7%,24.5%,"₹1,08,98,601",9.51,₹165.47,"6,32,169",37.7199283586664
Kaval Bairasandra,"1,93,601","1,92,567","1,52,405","97,995",96136.0,"63,841",99.5%,79.1%,64.3%,98.1%,32275.0,33.6%,33.0%,"₹85,33,133",6.86,₹124.91,"4,83,576",33.57223100607472
Malleswaram,"1,66,854","1,65,380","1,22,220","93,842",91944.0,"63,512",99.1%,73.9%,76.8%,98.0%,28406.0,30.9%,38.1%,"₹76,87,376",6.73,₹120.55,"4,36,550",30.894892543287217
Varthuru,"4,02,250","3,90,539","3,24,590","1,05,265",103606.0,"62,888",97.1%,83.1%,32.4%,98.4%,40705.0,39.3%,15.6%,"₹1,29,61,411",10.96,₹190.49,"7,59,723",39.288265158388505
Hagadur,"2,78,239","2,74,893","2,17,235","1,04,341",102653.0,"62,887",98.8%,79.0%,48.0%,98.4%,39751.0,38.7%,22.6%,"₹1,11,27,797",8.77,₹153.23,"6,43,245",38.723661266597176
Padmanabha Nagar,"1,58,399","1,57,105","1,20,091","90,719",88380.0,"62,331",99.2%,76.4%,75.5%,97.4%,26035.0,29.5%,39.4%,"₹73,40,332",6.31,₹113.41,"4,14,667",29.458022176963112
Chamrajapet,"2,00,517","1,98,991","1,50,994","1,04,756",102838.0,"61,777",99.2%,75.9%,69.4%,98.2%,41031.0,39.9%,30.8%,"₹77,86,960",6.75,₹120.21,"4,45,176",39.89867558684533
Umamaheshwara Ward,"1,64,543","1,63,007","1,25,458","91,960",89945.0,"61,347",99.1%,77.0%,73.3%,97.8%,28580.0,31.8%,37.3%,"₹74,19,194",5.88,₹107.51,"4,18,110",31.77497359497471
Yelahanka Satellite Town,"1,69,746","1,68,473","1,20,260","96,807",95135.0,"61,324",99.3%,71.4%,80.5%,98.3%,33788.0,35.5%,36.1%,"₹98,08,967",8.69,₹149.50,"5,77,463",35.515845903190204
Anjanapura,"1,81,644","1,79,006","1,35,191","91,485",88729.0,"60,694",98.6%,75.5%,67.7%,97.0%,28021.0,31.6%,33.4%,"₹91,40,657",8.31,₹144.46,"5,31,947",31.580430299000326
Jayachamarajendra  Nagar,"1,67,767","1,66,630","1,30,339","90,839",89181.0,"60,216",99.3%,78.2%,69.7%,98.2%,28949.0,32.5%,35.9%,"₹78,87,322",6.65,₹120.71,"4,47,086",32.46095020239737
Jayamahal,"1,99,847","1,98,600","1,54,332","96,533",95354.0,"57,697",99.4%,77.7%,62.5%,98.8%,37629.0,39.5%,28.9%,"₹81,78,556",7.08,₹130.82,"4,49,166",39.46242422971244
Shettihalli,"1,72,369","1,70,961","1,21,801","87,975",86145.0,"56,658",99.2%,71.2%,72.2%,97.9%,29465.0,34.2%,32.9%,"₹76,92,274",7.57,₹131.12,"4,50,388",34.20395844216147
Lakkasandra,"2,44,683","2,42,974","2,02,937","96,480",94954.0,"56,502",99.3%,83.5%,47.5%,98.4%,38431.0,40.5%,23.1%,"₹73,61,671",6.97,₹126.23,"4,13,147",40.47328179960823
Dattatreya Temple,"1,39,810","1,38,323","1,04,347","81,795",80384.0,"56,306",98.9%,75.4%,78.4%,98.3%,24051.0,29.9%,40.3%,"₹70,92,611",6.58,₹118.04,"4,04,266",29.920133359872615
Medahalli,"2,10,416","2,08,912","1,60,872","89,864",88720.0,"56,103",99.3%,77.0%,55.9%,98.7%,32596.0,36.7%,26.7%,"₹95,02,663",8.86,₹157.11,"5,52,030",36.74030658250677
K R Puram,"2,46,849","2,45,151","1,81,931","96,758",95586.0,"55,788",99.3%,74.2%,53.2%,98.8%,39775.0,41.6%,22.6%,"₹87,30,663",8.15,₹144.68,"5,01,154",41.611742305358526
Garudachar Playa,"2,33,812","2,32,336","1,91,372","97,957",96448.0,"55,750",99.4%,82.4%,51.2%,98.5%,40674.0,42.2%,23.8%,"₹90,38,348",8.3,₹147.09,"5,10,788",42.171947577969476
Katriguppe,"1,36,402","1,35,253","1,00,769","81,074",79166.0,"55,446",99.2%,74.5%,80.5%,97.6%,23701.0,29.9%,40.6%,"₹64,75,234",6.52,₹117.47,"3,66,779",29.938357375641054
Devarachikkanahalli,"2,26,563","2,24,459","1,81,209","88,766",87174.0,"55,262",99.1%,80.7%,49.0%,98.2%,31900.0,36.6%,24.4%,"₹83,43,832",8.29,₹147.16,"4,75,621",36.593479707252165
Kempegowda Ward,"2,23,033","2,20,550","1,58,743","91,311",89805.0,"54,974",98.9%,72.0%,57.5%,98.4%,34816.0,38.8%,24.6%,"₹99,49,162",9.86,₹168.46,"5,92,827",38.76844273704137
Neelasandra,"2,20,700","2,19,466","1,87,313","90,231",88979.0,"54,805",99.4%,85.3%,48.2%,98.6%,34144.0,38.4%,24.8%,"₹64,63,739",5.83,₹110.57,"3,52,007",38.37309927061441
Kumaraswamy Layout,"1,43,853","1,42,737","1,05,455","82,322",80684.0,"54,590",99.2%,73.9%,78.1%,98.0%,26080.0,32.3%,38.0%,"₹63,71,132",6.39,₹114.23,"3,58,192",32.323632938376875
Thanisandra,"1,55,904","1,55,006","1,13,130","84,772",82935.0,"54,435",99.4%,73.0%,74.9%,97.8%,28487.0,34.4%,34.9%,"₹87,98,989",8.64,₹150.70,"5,14,432",34.3485862422379
Attiguppe,"1,22,277","1,21,113","83,123","74,314",72200.0,"52,845",99.1%,68.6%,89.4%,97.2%,19332.0,26.8%,43.2%,"₹64,67,725",6.97,₹123.87,"3,69,824",26.775623268698062
Ramaswamy Palya,"1,58,326","1,57,576","1,31,163","78,156",76894.0,"52,575",99.5%,83.2%,59.6%,98.4%,24304.0,31.6%,33.2%,"₹62,18,113",6.07,₹112.24,"3,44,823",31.607147501755662
Sudham Nagara,"2,07,651","2,06,119","1,68,626","88,531",86990.0,"51,838",99.3%,81.8%,52.5%,98.3%,35118.0,40.4%,25.0%,"₹71,47,733",7.44,₹132.63,"4,06,732",40.37015748936659
Kanneshwara Rama,"1,37,753","1,36,778","1,02,151","76,606",75289.0,"50,824",99.3%,74.7%,75.0%,98.3%,24444.0,32.5%,36.9%,"₹66,66,800",7.24,₹126.82,"3,83,834",32.46689423421748
Gurappanapalya,"2,19,358","2,17,350","1,75,884","97,073",95401.0,"50,729",99.1%,80.9%,55.2%,98.3%,44650.0,46.8%,23.1%,"₹65,98,625",6.94,₹126.23,"3,66,661",46.8024444188216
Basavanapura,"2,21,845","2,20,103","1,69,213","83,635",82367.0,"50,465",99.2%,76.9%,49.4%,98.5%,31894.0,38.7%,22.8%,"₹88,71,533",9.62,₹168.17,"5,16,880",38.72181820389233
Kudlu,"2,36,803","2,34,065","1,97,098","81,672",80368.0,"50,108",98.8%,84.2%,41.4%,98.4%,30253.0,37.6%,21.2%,"₹83,78,598",9.02,₹159.12,"4,80,351",37.64309177782202
Sir M. Vishweshwaraiah,"1,18,310","1,17,288","78,883","70,564",68993.0,"49,703",99.1%,67.3%,89.5%,97.8%,19275.0,27.9%,42.0%,"₹70,42,823",7.65,₹131.90,"4,16,894",27.93761685968142
Mattikere,"1,27,532","1,26,489","91,822","74,048",72560.0,"49,681",99.2%,72.6%,80.6%,98.0%,22863.0,31.5%,39.0%,"₹62,40,282",6.83,₹121.59,"3,55,613",31.50909592061742
Someshwara Ward,"1,35,715","1,34,750","93,900","74,919",73572.0,"49,328",99.3%,69.7%,79.8%,98.2%,24230.0,32.9%,36.4%,"₹86,45,725",9.86,₹167.44,"5,16,119",32.9337247866036
Kuvempunagar,"1,46,326","1,45,244","1,05,110","75,973",74164.0,"49,239",99.3%,72.4%,72.3%,97.6%,24917.0,33.6%,33.7%,"₹74,73,265",8.65,₹148.64,"4,40,698",33.5971630440645
Someshwara Nagar,"2,02,532","2,01,374","1,60,896","84,826",83617.0,"48,356",99.4%,79.9%,52.7%,98.6%,35234.0,42.1%,23.9%,"₹69,48,587",7.55,₹133.60,"3,98,478",42.1373644115431
Nalvadi Krishnaraja Wadior Park,"1,15,514","1,14,506","75,953","68,469",66856.0,"48,127",99.1%,66.3%,90.1%,97.6%,18727.0,28.0%,41.7%,"₹70,63,617",8.19,₹140.92,"4,18,340",28.01094890510949
Vishwanath Nagenahalli,"1,54,030","1,53,201","1,18,304","73,656",72720.0,"47,891",99.5%,77.2%,62.3%,98.7%,24812.0,34.1%,31.1%,"₹65,30,937",6.53,₹119.33,"3,70,828",34.11991199119912
HAL Airport,"2,11,250","2,09,175","1,69,890","75,050",74006.0,"47,030",99.0%,81.2%,44.2%,98.6%,26966.0,36.4%,22.3%,"₹74,94,305",8.55,₹151.55,"4,28,553",36.43758614166419
Vikram Nagar,"1,19,772","1,18,755","89,035","66,520",64768.0,"45,251",99.2%,75.0%,74.7%,97.4%,19502.0,30.1%,37.8%,"₹58,00,764",7.24,₹129.76,"3,30,132",30.110548418972332
Dodda Bommasandra,"1,33,094","1,32,125","96,560","68,415",67164.0,"44,788",99.3%,73.1%,70.9%,98.2%,22363.0,33.3%,33.7%,"₹64,00,370",8.04,₹140.80,"3,73,067",33.296111011851586
Hanumanth Nagar,"1,11,343","1,10,436","78,939","63,637",62055.0,"44,418",99.2%,71.5%,80.6%,97.5%,17619.0,28.4%,39.9%,"₹51,96,937",6.75,₹118.14,"2,94,931",28.392554991539765
Rajamahal Guttahalli,"1,17,569","1,16,512","90,080","64,358",63260.0,"44,403",99.1%,77.3%,71.5%,98.3%,18841.0,29.8%,37.8%,"₹53,86,551",6.3,₹113.90,"3,04,299",29.783433449257036
Gottigere,"1,22,130","1,21,067","86,790","66,013",64702.0,"44,306",99.1%,71.7%,76.1%,98.0%,20384.0,31.5%,36.3%,"₹69,70,268",9.04,₹155.56,"4,05,976",31.504435720688694
Okalipuram,"1,38,471","1,37,027","1,05,136","78,599",77551.0,"44,243",99.0%,76.7%,74.8%,98.7%,33277.0,42.9%,31.9%,"₹61,59,044",6.79,₹122.73,"3,45,240",42.90982708153344
Bande Mutt,"1,48,773","1,47,190","93,694","68,336",66875.0,"43,599",98.9%,63.7%,72.9%,97.9%,23253.0,34.8%,29.3%,"₹65,21,990",8.47,₹149.11,"3,83,759",34.77084112149533
Hosakerehalli,"1,17,622","1,16,813","85,572","69,348",67711.0,"43,458",99.3%,73.3%,81.0%,97.6%,24243.0,35.8%,37.0%,"₹55,69,815",7.32,₹129.03,"3,21,161",35.80363604141129
Sriramamandir,"1,03,115","1,02,017","73,067","62,026",60894.0,"43,222",98.9%,71.6%,84.9%,98.2%,17655.0,29.0%,41.9%,"₹54,02,455",6.58,₹117.45,"3,11,932",28.99300423687063
Chokkasandra,"1,51,979","1,51,264","1,15,735","74,256",73111.0,"43,081",99.5%,76.5%,64.2%,98.5%,30011.0,41.0%,28.3%,"₹43,69,042",5.01,₹96.47,"2,37,432",41.048542626964476
Tilak Nagar,"1,65,973","1,64,860","1,35,480","73,314",71905.0,"42,761",99.3%,82.2%,54.1%,98.1%,29125.0,40.5%,25.8%,"₹52,38,333",6.98,₹126.96,"2,89,803",40.50483276545442
Manorayanapalya,"1,38,726","1,37,934","1,05,934","67,224",65761.0,"42,741",99.4%,76.8%,63.5%,97.8%,23005.0,35.0%,30.8%,"₹57,69,512",7.13,₹128.85,"3,26,215",34.98274053010143
Srinagar,"1,00,697","99,704","70,561","59,450",58086.0,"41,921",99.0%,70.8%,84.3%,97.7%,16144.0,27.8%,41.6%,"₹50,44,899",6.68,₹118.81,"2,89,196",27.79327204489894
Kengeri,"1,08,258","1,07,446","68,375","57,488",56271.0,"39,618",99.3%,63.6%,84.1%,97.9%,16645.0,29.6%,36.6%,"₹61,05,084",8.4,₹144.76,"3,62,715",29.580067885767093
Marappana Palya,"1,18,135","1,17,071","75,583","62,138",60885.0,"39,411",99.1%,64.6%,82.2%,98.0%,21463.0,35.3%,33.4%,"₹50,33,661",6.87,₹122.99,"2,87,228",35.25170403219184
Hampi Nagar,"95,276","94,422","65,398","57,118",55601.0,"39,198",99.1%,69.3%,87.3%,97.3%,16380.0,29.5%,41.1%,"₹49,96,931",6.72,₹120.11,"2,87,236",29.45990180032733
Ullal,"99,172","98,336","64,672","56,247",54815.0,"39,147",99.2%,65.8%,87.0%,97.5%,15658.0,28.6%,39.5%,"₹61,39,405",9.6,₹162.23,"3,67,154",28.56517376630484
Naganathapura,"1,71,381","1,69,665","1,31,681","66,576",65568.0,"38,620",99.0%,77.6%,50.6%,98.5%,26938.0,41.1%,22.5%,"₹74,16,872",10.4,₹179.22,"4,36,687",41.084065397755005
Kamakya Nagar,"1,09,692","1,08,757","82,046","58,708",57518.0,"38,541",99.2%,75.4%,71.5%,98.0%,18968.0,33.0%,35.1%,"₹47,04,595",6.01,₹109.83,"2,65,949",32.97750269480858
Mangammanapalya,"1,54,378","1,52,837","1,22,653","67,435",66180.0,"38,343",99.0%,80.3%,55.0%,98.1%,27818.0,42.0%,24.8%,"₹57,73,897",7.84,₹140.92,"3,25,690",42.03384708371109
Doddagollarahatti,"98,783","97,839","61,840","54,233",53145.0,"38,065",99.0%,63.2%,87.7%,98.0%,15069.0,28.3%,38.5%,"₹61,48,958",9.0,₹151.89,"3,69,997",28.354501834603447
T Dasarahalli,"1,16,879","1,16,132","81,881","62,233",61128.0,"37,945",99.4%,70.5%,76.0%,98.2%,23152.0,37.9%,32.5%,"₹44,28,407",6.41,₹115.27,"2,48,636",37.87462374034812
Vidyapeeta ward,"98,218","97,305","72,769","57,004",55960.0,"37,832",99.1%,74.8%,78.3%,98.2%,18111.0,32.4%,38.5%,"₹44,05,252",6.19,₹112.18,"2,47,727",32.36418870621873
Chamundi Nagara,"1,09,038","1,08,468","82,395","56,986",56063.0,"37,616",99.5%,76.0%,69.2%,98.4%,18434.0,32.9%,34.5%,"₹46,34,638",5.79,₹108.06,"2,58,432",32.88086616841767
Atturu Layout,"1,06,263","1,05,338","71,258","55,686",54548.0,"37,150",99.1%,67.6%,78.1%,98.0%,17385.0,31.9%,35.0%,"₹62,54,460",9.0,₹169.54,"3,72,076",31.87101268607465
J P Park,"1,07,208","1,06,388","77,661","55,905",54791.0,"37,081",99.2%,73.0%,72.0%,98.0%,17699.0,32.3%,34.6%,"₹49,36,530",6.65,₹119.43,"2,84,992",32.30275045171652
Nagarabhavi,"87,574","86,839","60,510","52,907",51678.0,"36,747",99.2%,69.7%,87.4%,97.7%,14920.0,28.9%,42.0%,"₹50,50,626",7.73,₹134.74,"2,95,639",28.87108634235071
Marenahalli,"83,523","82,785","56,507","51,111",49970.0,"36,141",99.1%,68.3%,90.5%,97.8%,13815.0,27.7%,43.3%,"₹43,40,983",7.04,₹124.10,"2,48,263",27.64658795277166
Dr. Raj Kumar Ward,"89,477","88,660","61,954","52,508",51412.0,"35,829",99.1%,69.9%,84.8%,97.9%,15561.0,30.3%,40.0%,"₹45,10,924",7.15,₹126.07,"2,57,641",30.267252781451802
Jaraganahalli,"1,10,924","1,10,009","85,970","59,511",58207.0,"35,674",99.2%,78.1%,69.2%,97.8%,22518.0,38.7%,32.2%,"₹40,62,345",6.79,₹121.30,"2,25,413",38.686068685896885
Chickpete,"1,85,488","1,83,645","1,50,079","93,173",92089.0,"34,980",99.0%,81.7%,62.1%,98.8%,57078.0,62.0%,18.9%,"₹58,08,054",9.79,₹167.33,"3,40,988",61.9813441344786
Gali Anjenaya Temple ward,"1,04,178","1,03,308","65,657","55,007",54258.0,"34,405",99.2%,63.6%,83.8%,98.6%,19834.0,36.5%,33.0%,"₹50,59,895",8.23,₹144.08,"2,88,389",36.554978067750376
Vannarapete,"99,365","98,763","79,376","50,576",49797.0,"33,723",99.4%,80.4%,63.7%,98.5%,16070.0,32.3%,33.9%,"₹40,82,537",6.51,₹117.94,"2,27,962",32.271020342590916
Kammanahalli,"1,11,511","1,10,898","87,583","55,916",55260.0,"33,576",99.5%,79.0%,63.8%,98.8%,21666.0,39.2%,30.1%,"₹44,12,131",6.67,₹121.53,"2,48,871",39.207383279044514
Defence Colony,"1,13,502","1,12,831","80,837","56,497",55754.0,"33,207",99.4%,71.6%,69.9%,98.7%,22522.0,40.4%,29.3%,"₹38,57,800",6.09,₹111.03,"2,17,101",40.395307959967
Kushal Nagar,"1,06,911","1,06,401","82,697","52,289",51701.0,"32,787",99.5%,77.7%,63.2%,98.9%,18908.0,36.6%,30.7%,"₹40,58,575",6.48,₹118.28,"2,27,574",36.57182646370477
Rajaji Nagar,"78,766","78,002","52,276","46,245",45396.0,"32,404",99.0%,67.0%,88.5%,98.2%,12979.0,28.6%,41.1%,"₹41,07,176",6.26,₹112.33,"2,35,670",28.59062472464534
Bommanahalli,"1,52,618","1,51,217","1,22,893","55,029",54175.0,"32,011",99.1%,81.3%,44.8%,98.4%,22152.0,40.9%,21.0%,"₹44,56,835",7.35,₹132.21,"2,49,748",40.88970927549608
Vijinapura,"1,25,088","1,24,310","95,925","52,300",51728.0,"31,626",99.4%,77.2%,54.5%,98.9%,20092.0,38.8%,25.3%,"₹45,21,821",7.46,₹134.92,"2,55,491",38.84163315805753
Srinivasa Nagar,"74,452","73,908","51,573","43,303",42504.0,"31,259",99.3%,69.8%,84.0%,98.2%,11234.0,26.4%,42.0%,"₹36,41,236",6.62,₹117.91,"2,07,210",26.43045360436665
Agaram,"1,40,342","1,39,281","1,13,197","52,499",51730.0,"31,096",99.2%,81.3%,46.4%,98.5%,20624.0,39.9%,22.2%,"₹41,44,647",7.01,₹127.39,"2,29,317",39.868548231200464
Gayithri Nagar,"77,922","77,120","52,814","44,397",43591.0,"31,052",99.0%,68.5%,84.1%,98.2%,12526.0,28.7%,39.9%,"₹37,14,235",6.33,₹114.27,"2,11,782",28.7352893945998
Vijayanagara Krishnadevaraya,"79,830","79,216","51,953","45,187",44220.0,"30,360",99.2%,65.6%,87.0%,97.9%,13851.0,31.3%,38.0%,"₹40,21,673",7.41,₹127.94,"2,35,209",31.322930800542743
Kammagondanahalli,"88,813","88,177","63,366","44,948",44183.0,"30,124",99.3%,71.9%,70.9%,98.3%,14051.0,31.8%,33.9%,"₹46,42,293",8.44,₹144.22,"2,74,443",31.801824231039088
Veerabhadranagar,"83,820","83,214","58,885","46,701",45797.0,"29,394",99.3%,70.8%,79.3%,98.1%,16390.0,35.8%,35.1%,"₹33,13,096",6.11,₹109.13,"1,86,855",35.78837041727624
Bharathi Nagar,"1,13,705","1,13,062","92,076","52,147",51610.0,"28,677",99.4%,81.4%,56.6%,99.0%,22911.0,44.4%,25.2%,"₹35,77,300",6.35,₹116.49,"1,97,970",44.39255958147646
Yelachenahalli,"92,064","91,284","68,402","48,782",47953.0,"28,465",99.2%,74.9%,71.3%,98.3%,19475.0,40.6%,30.9%,"₹35,43,903",6.32,₹115.22,"1,99,914",40.61268325235126
Deen Dayalu Ward,"86,800","86,185","60,896","45,429",44423.0,"28,289",99.3%,70.7%,74.6%,97.8%,16127.0,36.3%,32.6%,"₹34,87,579",7.42,₹131.25,"1,98,272",36.3032663260023
Kadugondanahalli,"94,784","94,377","71,903","46,635",45936.0,"28,083",99.6%,76.2%,64.9%,98.5%,17837.0,38.8%,29.6%,"₹34,74,646",6.17,₹113.46,"1,93,981",38.83011145942181
Sagayarapuram,"98,658","98,158","79,329","46,502",46108.0,"28,010",99.5%,80.8%,58.6%,99.2%,18086.0,39.2%,28.4%,"₹32,70,499",5.85,₹108.30,"1,78,616",39.22529712848096
Chanakya,"96,377","95,232","57,457","46,149",44733.0,"27,699",98.8%,60.3%,80.3%,96.9%,17027.0,38.1%,28.7%,"₹38,52,559",7.52,₹136.38,"2,21,877",38.063621934589676
Shivanagara,"64,174","63,577","43,741","38,676",37977.0,"27,691",99.1%,68.8%,88.4%,98.2%,10269.0,27.0%,43.1%,"₹33,83,414",6.63,₹117.86,"1,93,984",27.04005055691603
Mahalakshimpuram,"65,516","64,850","44,936","39,445",38745.0,"27,477",99.0%,69.3%,87.8%,98.2%,11250.0,29.0%,41.9%,"₹33,70,934",6.53,₹116.34,"1,93,461",29.036004645760745
Basaveshwara Nagar,"58,527","57,844","40,053","36,905",36131.0,"27,146",98.8%,69.2%,92.1%,97.9%,8976.0,24.8%,46.4%,"₹33,50,801",7.74,₹132.38,"1,94,172",24.842932661703244
Vidyamanyanagar,"75,939","75,319","48,394","40,083",38827.0,"26,581",99.2%,64.3%,82.8%,96.9%,12238.0,31.5%,35.0%,"₹42,53,108",8.98,₹151.45,"2,55,355",31.519303577407477
Peenya,"91,034","90,256","62,590","46,109",45149.0,"26,421",99.2%,69.3%,73.7%,97.9%,18711.0,41.4%,29.0%,"₹35,43,467",7.85,₹138.30,"2,06,158",41.44277835610977
Chowdeswari Ward,"90,118","88,903","60,275","42,773",41720.0,"26,194",98.7%,67.8%,71.0%,97.5%,15518.0,37.2%,29.1%,"₹53,13,533",11.42,₹193.13,"3,22,290",37.195589645254074
Govindaraja Nagar,"56,479","55,909","37,517","34,726",33936.0,"25,734",99.0%,67.1%,92.6%,97.7%,8195.0,24.1%,45.6%,"₹33,03,480",6.92,₹122.15,"1,92,036",24.148396982555397
Maruthi Mandir ward,"59,573","59,060","39,759","36,081",35073.0,"25,648",99.1%,67.3%,90.8%,97.2%,9417.0,26.9%,43.0%,"₹33,53,990",7.65,₹133.05,"1,94,119",26.849713454794287
Kamakshipalya,"57,410","56,844","38,391","35,243",34658.0,"25,365",99.0%,67.5%,91.8%,98.3%,9284.0,26.8%,44.2%,"₹32,63,544",6.98,₹124.77,"1,89,598",26.787466097293557
Avalahalli,"67,045","66,451","46,911","38,773",37890.0,"24,789",99.1%,70.6%,82.7%,97.7%,13090.0,34.5%,37.0%,"₹33,15,008",7.5,₹132.55,"1,89,999",34.54737397730272
Banashankari Temple ward,"85,840","85,171","60,417","42,008",41326.0,"24,423",99.2%,70.9%,69.5%,98.4%,16888.0,40.9%,28.4%,"₹25,98,862",5.61,₹103.27,"1,41,898",40.865314813918594
Kadugodi,"1,14,762","1,13,298","84,957","40,959",40210.0,"24,200",98.7%,75.0%,48.2%,98.2%,16001.0,39.8%,21.1%,"₹45,37,344",8.91,₹155.22,"2,67,519",39.79358368565033
Bagalakunte,"80,540","80,086","53,963","37,043",36470.0,"23,104",99.4%,67.4%,68.7%,98.5%,13344.0,36.6%,28.7%,"₹30,01,387",6.12,₹112.39,"1,73,032",36.58897724156841
Hosahalli,"55,891","55,379","38,890","33,599",32751.0,"22,777",99.1%,70.2%,86.4%,97.5%,9970.0,30.4%,40.8%,"₹28,91,049",6.7,₹118.29,"1,67,216",30.441818570425333
Shankar Matt,"53,607","53,055","36,312","32,452",31755.0,"22,594",99.0%,68.4%,89.4%,97.9%,9155.0,28.8%,42.1%,"₹27,47,829",6.5,₹114.19,"1,58,582",28.830105495197607
Nelagadderanahalli,"70,269","69,751","52,684","33,633",33005.0,"20,820",99.3%,75.5%,63.8%,98.1%,12173.0,36.9%,29.6%,"₹27,89,659",7.24,₹125.97,"1,62,660",36.882290562036054
Dodda Bidarakallu,"75,747","75,035","49,346","34,318",33515.0,"20,643",99.1%,65.8%,69.5%,97.7%,12864.0,38.4%,27.3%,"₹33,25,375",8.39,₹144.62,"1,98,915",38.3828136655229
Vijayanagar,"54,745","54,304","37,527","30,855",30132.0,"20,474",99.2%,69.1%,82.2%,97.7%,9645.0,32.0%,37.4%,"₹22,56,693",5.67,₹102.67,"1,26,023",32.00915969733174
Prakash Nagar,"50,760","50,320","34,779","29,499",28934.0,"19,727",99.1%,69.1%,84.8%,98.1%,9197.0,31.8%,38.9%,"₹23,17,255",6.67,₹117.97,"1,31,028",31.786133960047003
Shakthi Ganapathi Nagar,"45,353","44,976","30,181","27,389",26831.0,"19,527",99.2%,67.1%,90.8%,98.0%,7288.0,27.2%,43.1%,"₹24,48,766",6.77,₹119.28,"1,42,028",27.162610413327865
Chandra Layout,"50,247","49,912","34,372","28,748",28165.0,"19,187",99.3%,68.9%,83.6%,98.0%,8972.0,31.9%,38.2%,"₹24,56,871",7.12,₹124.05,"1,41,833",31.855139357358425
Herohalli,"47,952","47,600","29,755","26,798",26192.0,"18,276",99.3%,62.5%,90.1%,97.7%,7916.0,30.2%,38.1%,"₹27,24,334",9.7,₹162.35,"1,62,105",30.222968845448996
Agrahara Dasarahalli,"43,027","42,536","27,331","25,002",24554.0,"18,053",98.9%,64.3%,91.5%,98.2%,6496.0,26.5%,42.0%,"₹24,01,294",7.51,₹127.94,"1,39,769",26.4559745866254
Puneet Rajkumar,"45,863","45,416","30,747","26,816",26265.0,"18,033",99.0%,67.7%,87.2%,97.9%,8224.0,31.3%,39.3%,"₹21,48,483",6.3,₹112.20,"1,23,322",31.31163144869598
Nandini Layout,"44,061","43,724","30,100","26,165",25692.0,"17,747",99.2%,68.8%,86.9%,98.2%,7935.0,30.9%,40.3%,"₹22,03,322",7.98,₹136.49,"1,27,506",30.885100420364314
Binnipete,"59,606","59,100","43,772","30,868",30446.0,"17,157",99.2%,74.1%,70.5%,98.6%,13280.0,43.6%,28.8%,"₹21,73,390",6.03,₹109.08,"1,24,006",43.6182092885765
Nagavara,"68,797","68,313","48,922","29,950",29541.0,"17,006",99.3%,71.6%,61.2%,98.6%,12528.0,42.4%,24.7%,"₹21,28,376",6.27,₹115.24,"1,18,358",42.408855488981416
Rajagopal Nagar,"49,249","48,787","35,227","25,452",24943.0,"16,453",99.1%,72.2%,72.3%,98.0%,8483.0,34.0%,33.4%,"₹21,43,115",6.57,₹116.78,"1,24,679",34.00954175520186
Ranadheera Kanteerava,"46,845","46,412","30,623","25,551",24906.0,"16,164",99.1%,66.0%,83.4%,97.5%,8733.0,35.1%,34.5%,"₹19,33,328",6.37,₹112.10,"1,11,080",35.06384003854493
Hongasandra,"66,045","65,467","52,043","27,198",26768.0,"15,798",99.1%,79.5%,52.3%,98.4%,10964.0,41.0%,23.9%,"₹23,11,899",7.83,₹141.91,"1,31,471",40.9593544530783
Cottonpete,"67,650","66,994","50,956","32,826",32405.0,"15,118",99.0%,76.1%,64.4%,98.7%,17281.0,53.3%,22.4%,"₹20,35,209",6.58,₹118.78,"1,17,399",53.328190094121275
Dayananda Nagar,"35,860","35,491","25,987","20,503",20224.0,"13,486",99.0%,73.2%,78.9%,98.6%,6736.0,33.3%,37.6%,"₹14,87,424",5.72,₹103.47,"83,810",33.30696202531646
Mudalapalya,"34,182","33,913","21,506","19,335",18953.0,"12,984",99.2%,63.4%,89.9%,98.0%,5964.0,31.5%,38.0%,"₹16,22,413",5.85,₹105.07,"93,384",31.467313881707383
Nayandahalli,"41,688","41,360","27,115","20,901",20511.0,"12,926",99.2%,65.6%,77.1%,98.1%,7576.0,36.9%,31.0%,"₹18,26,005",9.05,₹160.09,"1,05,622",36.9362780946809
Venkateshpura,"53,359","53,147","41,072","23,750",23529.0,"12,897",99.6%,77.3%,57.8%,99.1%,10623.0,45.1%,24.2%,"₹14,53,487",6.19,₹112.54,"79,501",45.148540099451736
Azad Nagar,"39,763","39,483","28,953","21,302",20954.0,"12,675",99.3%,73.3%,73.6%,98.4%,8270.0,39.5%,31.9%,"₹15,32,784",7.01,₹125.33,"87,562",39.46740479144793
Jai Maruthinagara,"33,022","32,752","22,329","19,042",18500.0,"12,151",99.2%,68.2%,85.3%,97.2%,6338.0,34.3%,36.8%,"₹13,97,378",5.52,₹100.04,"79,844",34.25945945945946
Sunkadakatte,"34,069","33,799","21,816","18,322",17930.0,"11,471",99.2%,64.5%,84.0%,97.9%,6451.0,36.0%,33.7%,"₹14,85,675",7.0,₹138.03,"85,935",35.97880646960402
Mallasandra,"35,455","35,213","25,485","17,802",17359.0,"11,329",99.3%,72.4%,69.8%,97.5%,6028.0,34.7%,31.9%,"₹13,98,636",6.89,₹121.69,"80,245",34.72550262111873
Veera Sindhura Lakshamana,"33,045","32,761","21,258","17,405",17019.0,"11,116",99.1%,64.9%,81.9%,97.8%,5900.0,34.7%,33.6%,"₹13,59,938",6.11,₹109.98,"78,414",34.667136729537575
Kaveripura,"28,034","27,744","18,644","15,486",15239.0,"9,824",99.0%,67.2%,83.1%,98.4%,5412.0,35.5%,35.0%,"₹13,13,810",7.12,₹123.67,"76,749",35.51414134785747
Hegganahalli,"29,838","29,557","19,390","15,783",15383.0,"9,628",99.1%,65.6%,81.4%,97.5%,5750.0,37.4%,32.3%,"₹12,61,951",8.58,₹149.67,"73,342",37.37892478710265
Vrisabhavathi Nagar,"27,199","26,940","17,322","14,909",14631.0,"9,475",99.1%,64.3%,86.1%,98.1%,5149.0,35.2%,34.8%,"₹11,45,896",6.27,₹110.72,"65,907",35.19239969926868
Rajeshwari Nagar,"28,779","28,581","18,659","14,870",14391.0,"9,020",99.3%,65.3%,79.7%,96.8%,5365.0,37.3%,31.3%,"₹10,82,889",6.25,₹112,"62,331",37.28024459731777
Muneshwara Nagar,"34,615","34,416","25,294","15,178",15016.0,"8,025",99.4%,73.5%,60.0%,98.9%,6985.0,46.5%,23.2%,"₹9,67,405",6.62,₹122.02,"53,837",46.517048481619604
Jagajivanaram Nagar,"26,740","26,526","19,388","13,672",13471.0,"6,957",99.2%,73.1%,70.5%,98.5%,6512.0,48.3%,26.0%,"₹9,32,470",9.07,₹155.48,"53,891",48.340880409769134
Lakshmi Devi Nagar,"19,623","19,467","12,660","10,597",10356.0,"6,580",99.2%,65.0%,83.7%,97.7%,3774.0,36.4%,33.5%,"₹7,84,021",7.66,₹133.48,"44,959",36.44264194669757
S K Garden,"28,317","28,182","21,614","11,877",11800.0,"6,492",99.5%,76.7%,54.9%,99.4%,5305.0,45.0%,22.9%,"₹8,17,438",7.25,₹132.63,"45,511",44.95762711864407
Chalavadipalya,"23,758","23,618","17,271","11,491",11350.0,"6,328",99.4%,73.1%,66.5%,98.8%,5013.0,44.2%,26.6%,"₹8,14,489",6.59,₹121.66,"46,499",44.16740088105727
Padarayanapura,"20,946","20,772","14,648","10,189",9934.0,"5,098",99.2%,70.5%,69.6%,97.5%,4830.0,48.6%,24.3%,"₹7,11,850",8.93,₹157.83,"40,182",48.620897926313674
Bapuji Nagar,"18,887","18,768","12,466","9,740",9629.0,"5,074",99.4%,66.4%,78.1%,98.9%,4552.0,47.3%,26.9%,"₹6,34,454",6.99,₹128.51,"36,059",47.27386021393706
Kempapura Agrahara,"16,628","16,463","11,059","8,049",7934.0,"4,452",99.0%,67.2%,72.8%,98.6%,3479.0,43.9%,26.8%,"₹5,20,021",6.26,₹112.07,"29,348",43.84925636501134
Devaraj Urs Nagar,"17,831","17,746","12,387","8,865",8724.0,"4,040",99.5%,69.8%,71.6%,98.4%,4683.0,53.7%,22.7%,"₹5,07,415",5.45,₹97.72,"28,547",53.67950481430537
Devara Jeevanahalli,"9,611","9,548","7,245","3,770",3730.0,"1,407",99.3%,75.9%,52.0%,98.9%,2323.0,62.3%,14.6%,"₹1,90,579",5.9,₹114,"10,687",62.27882037533512
Bangalore Total,"6,73,34,064","6,64,43,051","5,29,16,372","3,00,17,755",29453513.0,"1,86,28,581",98.7%,79.6%,56.7%,98.1%,10817296.0,36.7%,27.7%,"₹2,67,99,10,491",8.16,₹143.86,"15,20,07,679",36.72667501496341
